NIRF Ranking,College Name,Link,Image URL,Location,Pincode,Eligibility,College Code,,Branch Code,Branch Name,OC,BC,BCM,MBC,SC,SCA,ST
,,,,,,,,,,,,,,,,,
1,Indian Institute of Technology Madras,https://www.iitm.ac.in/,https://doe.iitm.ac.in/wp-content/uploads/2021/06/245-2451831_iit-madras-logo.png,Chennai,600036,JEE/Enterance Exam,,,,,,,,,,,
9,National Institute of Technology Tiruchirappalli,https://www.nitt.edu/,https://upload.wikimedia.org/wikipedia/en/thumb/8/8b/National_Institute_of_Technology_Trichy_Logo.png/300px-National_Institute_of_Technology_Trichy_Logo.png,Tiruchirappalli,620015,JEE/Enterance Exam,,,,,,,,,,,
11,Vellore Institute of Technology,https://vit.ac.in/,https://vit.ac.in/sites/all/themes/vittheme/images/vitlogo.webp,Vellore,632014,JEE/Enterance Exam,,,,,,,,,,,
13,S.R.M. Institute of Science and Technology,https://www.srmist.edu.in/,https://w1.pngwing.com/pngs/598/122/png-transparent-student-anna-university-college-institute-institute-of-technology-education-campus-chennai.png,Chennai,603203,JEE/Enterance Exam,,,,,,,,,,,
14,Anna University,https://www.annauniv.edu/,,Chennai,600025,Counselling,1,,BY,BIO MEDICAL ENGINEERING (SS),195,191.5,193.5,188.845,184,164,
14,Anna University,,,Chennai,600025,Counselling,1,,CE,CIVIL ENGINEERING,193,190,192,187,183,173.5,177.5
14,Anna University,,,Chennai,600025,Counselling,1,,CM,COMPUTER SCIENCE AND ENGINEERING (SS),199.5,199,198.5,199,196,178,192
14,Anna University,,,Chennai,600025,Counselling,1,,CS,COMPUTER SCIENCE AND ENGINEERING,200,200,199.5,199.5,198.5,185.5,
14,Anna University,,,Chennai,600025,Counselling,1,,EC,ELECTRONICS AND COMMUNICATION ENGINEERING,200,199.5,198,198.5,195,186,180.5
14,Anna University,,,Chennai,600025,Counselling,1,,EE,ELECTRICAL AND ELECTRONICS ENGINEERING,198,197.5,195,195.5,189,176.5,171
14,Anna University,,,Chennai,600025,Counselling,1,,EM,ELECTRONICS AND COMMUNICATION ENGINEERING (SS),199,198.5,197.5,197,191.5,190,175.5
14,Anna University,,,Chennai,600025,Counselling,1,,GI,GEO INFORMATICS,191,188.5,188.5,187.5,179.5,159.5,155.5
14,Anna University,,,Chennai,600025,Counselling,1,,IE,INDUSTRIAL ENGINEERING,189,184.5,185.5,179.5,169.5,148,
14,Anna University,,,Chennai,600025,Counselling,1,,IM,INFORMATION TECHNOLOGY (SS),199,198.5,198,198,191.5,176,182.5
14,Anna University,,,Chennai,600025,Counselling,1,,MA,MATERIAL SCIENCE AND ENGINEERING (SS),187.5,182,184,176.5,171.5,173,
14,Anna University,,,Chennai,600025,Counselling,1,,ME,MECHANICAL ENGINEERING,195.5,193.5,191,191.5,182.5,168,
14,Anna University,,,Chennai,600025,Counselling,1,,MI,MINING ENGINEERING,187,181.5,174,175,170.5,163,
14,Anna University,,,Chennai,600025,Counselling,1,,MN,MANUFACTURING ENGINEERING,186,179,182,179.89,165,136.5,135
14,Anna University,,,Chennai,600025,Counselling,1,,PT,PRINTING AND PACKING TECHNOLOGY,181.955,170.5,173,171.5,162,131,
14,Anna University,,,Chennai,600025,Counselling,1,,XC,CIVIL ENGINEERING (TAMIL MEDIUM),180.5,174,161,165.5,166,157.5,
14,Anna University,,,Chennai,600025,Counselling,1,,XM,MECHANICAL ENGINEERING (TAMIL MEDIUM),180,175.5,175.5,168,166,,134.5
23,Amrita Vishwa Vidyapeetham,https://www.amrita.edu/,https://yt3.googleusercontent.com/ytc/AIdro_lbXafNJexjMEN4q92j3QolrTzkRQOwm_wD7gwGQKGXO9Q=s160-c-k-c0x00ffffff-no-rj,Coimbatore,641112,JEE/Enterance Exam,,,,,,,,,,,
36,Kalasalingam Academy of Research and Education,https://kalasalingam.ac.in/,https://encrypted-tbn0.gstatic.com/images?q=tbn:ANd9GcSmmoqNe7C_tX2p09NiZ-4RygTQEvfMRAQmQQ&s,Srivilliputhur,626126,JEE/Enterance Exam,,,,,,,,,,,
38,Shanmugha Arts Science Technology and Research Academy,https://www.sastra.edu/,https://upload.wikimedia.org/wikipedia/en/e/e6/Shanmugha_Arts%2C_Science%2C_Technology_%26_Research_Academy_logo.png,Thanjavur,613401,JEE/Enterance Exam,,,,,,,,,,,
46,Sri Sivasubramaniya Nadar College of Engineering,https://www.ssn.edu.in/,https://www.ssn.edu.in/wp-content/uploads/2019/12/logo.jpg,Kalavakkam,603110,Counselling,1315,,BM,BIO MEDICAL ENGINEERING,190.5,189,190,185,167,164,139
46,Sri Sivasubramaniya Nadar College of Engineering,,,Kalavakkam,603110,Counselling,1315,,CE,CIVIL ENGINEERING,188.5,184,173.5,177,169,155.5,
46,Sri Sivasubramaniya Nadar College of Engineering,,,Kalavakkam,603110,Counselling,1315,,CH,CHEMICAL ENGINEERING,189.5,185.5,189.5,181,169,138.5,141
46,Sri Sivasubramaniya Nadar College of Engineering,,,Kalavakkam,603110,Counselling,1315,,CJ,M.Tech. Computer Science and Engineering (Integrated 5 years),196,195,191.5,193,180,156,
46,Sri Sivasubramaniya Nadar College of Engineering,,,Kalavakkam,603110,Counselling,1315,,CS,COMPUTER SCIENCE AND ENGINEERING,199,198.5,198,197,186,174,156.5
46,Sri Sivasubramaniya Nadar College of Engineering,,,Kalavakkam,603110,Counselling,1315,,EC,ELECTRONICS AND COMMUNICATION ENGINEERING,197.5,196.5,192,195,181.985,173,
46,Sri Sivasubramaniya Nadar College of Engineering,,,Kalavakkam,603110,Counselling,1315,,EE,ELECTRICAL AND ELECTRONICS ENGINEERING,196,194.5,191,193,178,163,149
46,Sri Sivasubramaniya Nadar College of Engineering,,,Kalavakkam,603110,Counselling,1315,,IT,INFORMATION TECHNOLOGY,198,197,195.5,195.5,181.5,172.5,162.5
46,Sri Sivasubramaniya Nadar College of Engineering,,,Kalavakkam,603110,Counselling,1315,,ME,MECHANICAL ENGINEERING,192,190,188,187.5,169.5,147.5,
53,Saveetha Institute of Medical and Technical Sciences,https://www.saveetha.com/,https://images.squarespace-cdn.com/content/v1/5f8a85fc2ad7a514c3fdaf60/1606646801118-QK5DCP4ZTQB8ZBX20KQS/white+thin+bevel.png?format=500w,Chennai,602105,JEE/Enterance Exam,,,,,,,,,,,
66,Sathyabama Institute of Science and Technology,https://www.sathyabama.ac.in/,https://upload.wikimedia.org/wikipedia/en/1/13/Sathyabama_Institute_of_Science_and_Technology_logo.png,Chennai,600119,JEE/Enterance Exam,,,,,,,,,,,
67,PSG College of Technology,https://www.psgtech.edu/,https://encrypted-tbn0.gstatic.com/images?q=tbn:ANd9GcT5Unv0HKU-U52-mhkF2lF-zvAoL3yeMSclIQ&s,Coimbatore,641004,Counselling,2006,,AS,AUTOMOBILE ENGINEERING (SS),179.5,173,170,167,155,164.5,
,PSG College of Technology,,,Coimbatore,641004,Counselling,2006,,BS,BIO TECHNOLOGY (SS),190.5,185.5,184,183.5,171,165,138.5
,PSG College of Technology,,,Coimbatore,641004,Counselling,2006,,BY,BIO MEDICAL ENGINEERING (SS),187.51,185,187.5,180.5,155,160,141
,PSG College of Technology,,,Coimbatore,641004,Counselling,2006,,CE,CIVIL ENGINEERING,191,186.055,182.5,180.5,177.5,,172
,PSG College of Technology,,,Coimbatore,641004,Counselling,2006,,CG,Computer Science and Engineering (Artificial Intelligence and Machine Learning) (SS),198,197,195.979798,195.5,183,187,
,PSG College of Technology,,,Coimbatore,641004,Counselling,2006,,CM,COMPUTER SCIENCE AND ENGINEERING (SS),199,198.5,196,197.5,187.5,179.5,176.5
,PSG College of Technology,,,Coimbatore,641004,Counselling,2006,,CN,CIVIL ENGINEERING (SS),185,183,,176.5,174.5,,128
,PSG College of Technology,,,Coimbatore,641004,Counselling,2006,,EC,ELECTRONICS AND COMMUNICATION ENGINEERING,199,198,195.5,197.5,190,186,
,PSG College of Technology,,,Coimbatore,641004,Counselling,2006,,EE,ELECTRICAL AND ELECTRONICS ENGINEERING,196.5,196,194.5,193,179.5,175,
,PSG College of Technology,,,Coimbatore,641004,Counselling,2006,,EM,ELECTRONICS AND COMMUNICATION ENGINEERING (SS),197.5,197,195,195,185.5,173.5,
,PSG College of Technology,,,Coimbatore,641004,Counselling,2006,,ES,ELECTRICAL AND ELECTRONICS (SANDWICH) (SS),190.5,188,188,180.5,168.5,139,
,PSG College of Technology,,,Coimbatore,641004,Counselling,2006,,FY,FASHION TECHNOLOGY (SS),177.25,165.5,152.5,158.98,124.5,130.5,
,PSG College of Technology,,,Coimbatore,641004,Counselling,2006,,IM,INFORMATION TECHNOLOGY (SS),197.5,197,195,195.5,180.5,179.5,186.605
,PSG College of Technology,,,Coimbatore,641004,Counselling,2006,,IY,INSTRUMENTATION AND CONTROL ENGINEERING (SS),190,188,186,183.5,170.5,170,
,PSG College of Technology,,,Coimbatore,641004,Counselling,2006,,ME,MECHANICAL ENGINEERING,192,190,189,189.5,175,169.5,
,PSG College of Technology,,,Coimbatore,641004,Counselling,2006,,MF,MECHANICAL ENGINEERING (SS),189.5,188,186,183,169,152,164.5
,PSG College of Technology,,,Coimbatore,641004,Counselling,2006,,MS,MECHANICAL ENGINEERING (SANDWICH) (SS),180,174.5,176,171,156,140,
,PSG College of Technology,,,Coimbatore,641004,Counselling,2006,,MT,METALLURGICAL ENGINEERING,184,177,173,174,145,157.5,121.5
,PSG College of Technology,,,Coimbatore,641004,Counselling,2006,,MY,METALLURGICAL ENGINEERING (SS),176.5,174.5,,161,139.5,131.5,
,PSG College of Technology,,,Coimbatore,641004,Counselling,2006,,PN,PRODUCTION ENGINEERING (SS),180.5,177,172,170.5,153.5,130.5,
83,Sri Krishna College of Engineering and Technology,https://skcet.ac.in/,https://upload.wikimedia.org/wikipedia/commons/thumb/a/aa/SKI-Coimbatore-Logo.webp/225px-SKI-Coimbatore-Logo.webp.png,Coimbatore,641008,Counselling,1526,,CE,CIVIL ENGINEERING,,,,,,,
,Sri Krishna College of Engineering and Technology,,,Coimbatore,641008,Counselling,1526,,CS,COMPUTER SCIENCE AND ENGINEERING,***,,,,,,
,Sri Krishna College of Engineering and Technology,,,Coimbatore,641008,Counselling,1526,,EC,ELECTRONICS AND COMMUNICATION ENGINEERING,***,,,,,,
,Sri Krishna College of Engineering and Technology,,,Coimbatore,641008,Counselling,1526,,EE,ELECTRICAL AND ELECTRONICS ENGINEERING,***,,,,,,
,Sri Krishna College of Engineering and Technology,,,Coimbatore,641008,Counselling,1526,,ME,MECHANICAL ENGINEERING,***,,,,,,
,Sri Krishna College of Engineering and Technology,,,Coimbatore,641008,Counselling,1526,,AD,ARTIFICIAL INTELLIGENCE AND DATA SCIENCE,134,***,,103.5,,,
,Sri Krishna College of Engineering and Technology,,,Coimbatore,641008,Counselling,1526,,AG,AGRICULTURAL ENGINEERING,***,,,,,,
,Sri Krishna College of Engineering and Technology,,,Coimbatore,641008,Counselling,1526,,BM,BIO MEDICAL ENGINEERING,123.5,***,99,***,***,112.5,
,Sri Krishna College of Engineering and Technology,,,Coimbatore,641008,Counselling,1526,,CE,CIVIL ENGINEERING,***,,,,,,
,Sri Krishna College of Engineering and Technology,,,Coimbatore,641008,Counselling,1526,,CS,COMPUTER SCIENCE AND ENGINEERING,131.5,***,110,***,***,,
,Sri Krishna College of Engineering and Technology,,,Coimbatore,641008,Counselling,1526,,ME,MECHANICAL ENGINEERING,96.5,,,,,,
,Sri Krishna College of Engineering and Technology,,,Coimbatore,641008,Counselling,1526,,SC,Computer Science and Engineering (Cyber Security),130.5,***,,,***,,
86,Vel Tech Rangarajan Dr. Sagunthala R & D Institute of Science and Technology,https://www.veltech.edu.in/,https://upload.wikimedia.org/wikipedia/en/e/e9/Veltech_Rangarajan_Dr._Sagunthala_R%26D_Institute_of_Science_and_Technology_logo.png,Chennai,600062,Counselling,1122,,AD,ARTIFICIAL INTELLIGENCE AND DATA SCIENCE,163,154,156,156.5,134,110.5,
,Vel Tech Rangarajan Dr. Sagunthala R & D Institute of Science and Technology,,,Chennai,600062,Counselling,1122,,AM,COMPUTER SCIENCE AND ENGINEERING (ARTIFICIAL INTELLIGENCE AND MACHINE LEARNING),159.5,151,145,148,124.5,120,
,Vel Tech Rangarajan Dr. Sagunthala R & D Institute of Science and Technology,,,Chennai,600062,Counselling,1122,,BT,BIO TECHNOLOGY,146.5,133.5,***,119.5,114.5,,
,Vel Tech Rangarajan Dr. Sagunthala R & D Institute of Science and Technology,,,Chennai,600062,Counselling,1122,,CE,CIVIL ENGINEERING,118.5,***,,98.5,***,,
,Vel Tech Rangarajan Dr. Sagunthala R & D Institute of Science and Technology,,,Chennai,600062,Counselling,1122,,CH,CHEMICAL ENGINEERING,139.5,117,91,93,104.5,,
,Vel Tech Rangarajan Dr. Sagunthala R & D Institute of Science and Technology,,,Chennai,600062,Counselling,1122,,CS,COMPUTER SCIENCE AND ENGINEERING,163,151.5,148.5,153,126,---,
,Vel Tech Rangarajan Dr. Sagunthala R & D Institute of Science and Technology,,,Chennai,600062,Counselling,1122,,EC,ELECTRONICS AND COMMUNICATION ENGINEERING,156,146.5,148,145.5,128,,
,Vel Tech Rangarajan Dr. Sagunthala R & D Institute of Science and Technology,,,Chennai,600062,Counselling,1122,,IT,INFORMATION TECHNOLOGY,160,150.5,150.5,150.5,124,---,
,Vel Tech Rangarajan Dr. Sagunthala R & D Institute of Science and Technology,,,Chennai,600062,Counselling,1122,,ME,MECHANICAL ENGINEERING,123.5,***,,102.5,88,,95
,Annamalai University,https://www.annamalaiuniversity.ac.in/,https://upload.wikimedia.org/wikipedia/en/2/2a/Annamalai_University_logo.png,Annamalainagar,608002,Counselling,5,,AM,COMPUTER SCIENCE AND ENGINEERING (ARTIFICIAL INTELLIGENCE AND MACHINE LEARNING),167.5,133,148.5,143.5,141.5,100.5,
,Annamalai University,,,Annamalainagar,608002,Counselling,5,,CE,CIVIL ENGINEERING,128,,,97,108,127.5,
,Annamalai University,,,Annamalainagar,608002,Counselling,5,,CF,COMPUTER SCIENCE AND ENGINEERING (DATA SCIENCE),160.5,136,147.5,140.5,135.5,,
,Annamalai University,,,Annamalainagar,608002,Counselling,5,,CH,CHEMICAL ENGINEERING,133.5,***,103.5,***,110.5,,
,Annamalai University,,,Annamalainagar,608002,Counselling,5,,CS,COMPUTER SCIENCE AND ENGINEERING,163,142,149.5,142.5,142.5,117,123.5
,Annamalai University,,,Annamalainagar,608002,Counselling,5,,CZ,CIVIL AND STRUCTUTURAL ENGINEERING,109.5,,,***,97.5,,
,Annamalai University,,,Annamalainagar,608002,Counselling,5,,EC,ELECTRONICS AND COMMUNICATION ENGINEERING,158,128.5,137.5,140.5,134,103,132.5
,Annamalai University,,,Annamalainagar,608002,Counselling,5,,EE,ELECTRICAL AND ELECTRONICS ENGINEERING,133,***,,109,114,,
,Annamalai University,,,Annamalainagar,608002,Counselling,5,,EI,ELECTRONICS AND INSTRUMENTATION ENGINEERING,128,***,118.5,105,104,,
,Annamalai University,,,Annamalainagar,608002,Counselling,5,,IT,INFORMATION TECHNOLOGY,158,130,141.5,140.5,135,---,
,Annamalai University,,,Annamalainagar,608002,Counselling,5,,ME,MECHANICAL ENGINEERING,117.5,***,***,***,***,---,
,Annamalai University,,,Annamalainagar,608002,Counselling,5,,MM,MECHANICAL ENGINEERING (MANUFACTURING),***,,,,,,
,B. S. Abdur Rahman Crescent Institute of Science and Technology,https://crescent.education/,https://upload.wikimedia.org/wikipedia/en/c/c7/B.S._Abdur_Rahman_Crescent_Institute_of_Science_and_Technology_logo.png,Chennai,600048,JEE/Enterance Exam,,,,,,,,,,,
,Easwari Engineering College,https://srmeaswari.ac.in/,https://upload.wikimedia.org/wikipedia/en/b/bf/Easwari_Engineering_College_logo.png,Chennai,600089,Counselling,1304,,AD,ARTIFICIAL INTELLIGENCE AND DATA SCIENCE,185.5,181.5,184,177,157,154,
,Easwari Engineering College,,,Chennai,600089,Counselling,1304,,AM,COMPUTER SCIENCE AND ENGINEERING (ARTIFICIAL INTELLIGENCE AND MACHINE LEARNING),180.5,174.5,179,176.5,143,136.5,
,Easwari Engineering College,,,Chennai,600089,Counselling,1304,,AU,AUTOMOBILE ENGINEERING,141.5,123.5,135,125.5,***,,
,Easwari Engineering College,,,Chennai,600089,Counselling,1304,,BM,BIO MEDICAL ENGINEERING,160.5,151,158.5,146,124,136,
,Easwari Engineering College,,,Chennai,600089,Counselling,1304,,CE,CIVIL ENGINEERING,150,130.5,129,129,116.5,,
,Easwari Engineering College,,,Chennai,600089,Counselling,1304,,CS,COMPUTER SCIENCE AND ENGINEERING,185,178,179.5,176,154,131,142.5
,Easwari Engineering College,,,Chennai,600089,Counselling,1304,,EC,ELECTRONICS AND COMMUNICATION ENGINEERING,179.5,174.5,172,168.5,141,124,
,Easwari Engineering College,,,Chennai,600089,Counselling,1304,,EE,ELECTRICAL AND ELECTRONICS ENGINEERING,170,165,167.415,156.5,136.5,,
,Easwari Engineering College,,,Chennai,600089,Counselling,1304,,IT,INFORMATION TECHNOLOGY,182,175.5,177.5,173.5,144,118.5,
,Easwari Engineering College,,,Chennai,600089,Counselling,1304,,ME,MECHANICAL ENGINEERING,157.5,136.5,156.5,128.5,115,,
,Easwari Engineering College,,,Chennai,600089,Counselling,1304,,RM,ROBOTICS AND AUTOMATION,166.5,161,161.5,154,127.5,,
,Easwari Engineering College,,,Chennai,600089,Counselling,1304,,SC,Computer Science and Engineering (Cyber Security),179.5,175.5,174.5,172,147,128.5,
,Kumaraguru College of Technology,https://kct.ac.in/,https://upload.wikimedia.org/wikipedia/en/f/f2/Kumaraguru_College_of_Technology_logo.png,Coimbatore,641049,Counselling,2712,,AD,ARTIFICIAL INTELLIGENCE AND DATA SCIENCE,193.5,191,192,187.76,176.5,168.5,
,Kumaraguru College of Technology,,,Coimbatore,641049,Counselling,2712,,AE,AERONAUTICAL ENGINEERING,183.5,172,183.5,165.5,152.5,146.5,
,Kumaraguru College of Technology,,,Coimbatore,641049,Counselling,2712,,AU,AUTOMOBILE ENGINEERING,166.5,162.5,155.5,153.5,135.5,121.5,
,Kumaraguru College of Technology,,,Coimbatore,641049,Counselling,2712,,BT,BIO TECHNOLOGY,183,177,179.5,172.9,151.5,106,
,Kumaraguru College of Technology,,,Coimbatore,641049,Counselling,2712,,CE,CIVIL ENGINEERING,169,162,161,156.5,133.5,125.5,116
,Kumaraguru College of Technology,,,Coimbatore,641049,Counselling,2712,,CS,COMPUTER SCIENCE AND ENGINEERING,195,192.5,191,190.5,173.5,162.5,168
,Kumaraguru College of Technology,,,Coimbatore,641049,Counselling,2712,,EC,ELECTRONICS AND COMMUNICATION ENGINEERING,192,190,186,187.5,161,139.5,170.5
,Kumaraguru College of Technology,,,Coimbatore,641049,Counselling,2712,,EE,ELECTRICAL AND ELECTRONICS ENGINEERING,188.5,186,185.5,180.5,159,141.5,129
,Kumaraguru College of Technology,,,Coimbatore,641049,Counselling,2712,,EI,ELECTRONICS AND INSTRUMENTATION ENGINEERING,187.5,182.5,175.5,172,141,,119
,Kumaraguru College of Technology,,,Coimbatore,641049,Counselling,2712,,FT,FASHION TECHNOLOGY,163.5,150,148,147,107,,
,Kumaraguru College of Technology,,,Coimbatore,641049,Counselling,2712,,IT,INFORMATION TECHNOLOGY,193.5,191.5,186.81,188.5,166.5,146.5,165
,Kumaraguru College of Technology,,,Coimbatore,641049,Counselling,2712,,ME,MECHANICAL ENGINEERING,175,170.5,156.5,163,141,147.5,123.5
,Kumaraguru College of Technology,,,Coimbatore,641049,Counselling,2712,,MZ,Mechatronics Engineering,180.5,174,180.5,169.5,141.5,104.5,
,Kumaraguru College of Technology,,,Coimbatore,641049,Counselling,2712,,TX,TEXTILE TECHNOLOGY,160.5,148,141.5,136.5,***,,
,National Engineering College,https://nec.edu.in/,https://pbs.twimg.com/profile_images/1477155916050927617/Nh6ajbit_400x400.jpg,Kovilpatti,628503,Counselling,4962,,AD,ARTIFICIAL INTELLIGENCE AND DATA SCIENCE,174.5,169,171.5,158.5,132.5,,
,National Engineering College,,,Kovilpatti,628503,Counselling,4962,,CE,CIVIL ENGINEERING,150.5,123.5,,117,***,,
,National Engineering College,,,Kovilpatti,628503,Counselling,4962,,CS,COMPUTER SCIENCE AND ENGINEERING,183.5,175,182,165.5,135.5,---,
,National Engineering College,,,Kovilpatti,628503,Counselling,4962,,EC,ELECTRONICS AND COMMUNICATION ENGINEERING,177,170.5,169.5,159,127.5,,
,National Engineering College,,,Kovilpatti,628503,Counselling,4962,,EE,ELECTRICAL AND ELECTRONICS ENGINEERING,169,160.5,163.5,153,117,,
,National Engineering College,,,Kovilpatti,628503,Counselling,4962,,IT,INFORMATION TECHNOLOGY,179.5,173.78,178,163,135.5,,
,National Engineering College,,,Kovilpatti,628503,Counselling,4962,,ME,MECHANICAL ENGINEERING,146,134,118,129.5,***,,
,R.M.K. Engineering College,https://www.rmkec.ac.in/2023/,https://upload.wikimedia.org/wikipedia/commons/1/19/RMK_Engineering_College.gif,Thiruvallur,601206,Counselling,1113,,AD,ARTIFICIAL INTELLIGENCE AND DATA SCIENCE,185,180,175,174.5,145.5,144.5,
,R.M.K. Engineering College,,,Thiruvallur,601206,Counselling,1113,,CB,COMPUTER SCIENCE AND BUSSINESS SYSTEM,180,177,174,174.5,143.5,121,
,R.M.K. Engineering College,,,Thiruvallur,601206,Counselling,1113,,CD,COMPUTER SCIENCE AND DESIGN,177.5,173.5,173,173,136,,
,R.M.K. Engineering College,,,Thiruvallur,601206,Counselling,1113,,CE,CIVIL ENGINEERING,156,153.5,114,146.5,144.5,,
,R.M.K. Engineering College,,,Thiruvallur,601206,Counselling,1113,,CS,COMPUTER SCIENCE AND ENGINEERING,188.5,183,185.5,180,160.5,124,
,R.M.K. Engineering College,,,Thiruvallur,601206,Counselling,1113,,EA,Electronics and Communication ( Advanced Communication Technology),179.5,175.5,172,168,137,,
,R.M.K. Engineering College,,,Thiruvallur,601206,Counselling,1113,,EC,ELECTRONICS AND COMMUNICATION ENGINEERING,184,178,171,174,130,,114
,R.M.K. Engineering College,,,Thiruvallur,601206,Counselling,1113,,EE,ELECTRICAL AND ELECTRONICS ENGINEERING,173.5,168.5,150,163.5,134.5,,
,R.M.K. Engineering College,,,Thiruvallur,601206,Counselling,1113,,EV,Electronics Engineering (VLSI design and Technology),177.5,169,170,171.5,128.5,,
,R.M.K. Engineering College,,,Thiruvallur,601206,Counselling,1113,,IT,INFORMATION TECHNOLOGY,184,180.5,180,173.5,144,103,107.5
,R.M.K. Engineering College,,,Thiruvallur,601206,Counselling,1113,,ME,MECHANICAL ENGINEERING,167,160.5,145,152.5,149.5,,
,R.M.K. Engineering College,,,Thiruvallur,601206,Counselling,2719,,AD,ARTIFICIAL INTELLIGENCE AND DATA SCIENCE,181,176,173,172,143,151,
,R.M.K. Engineering College,,,Thiruvallur,601206,Counselling,2719,,AE,AERONAUTICAL ENGINEERING,163.5,150.5,,146.5,119.5,,
,R.M.K. Engineering College,,,Thiruvallur,601206,Counselling,2719,,BM,BIO MEDICAL ENGINEERING,160.5,152.5,149,137,121.5,94,
,R.M.K. Engineering College,,,Thiruvallur,601206,Counselling,2719,,CE,CIVIL ENGINEERING,138.5,129.5,***,118.5,***,108.5,
,R.M.K. Engineering College,,,Thiruvallur,601206,Counselling,2719,,CJ,M.Tech. Computer Science and Engineering (Integrated 5 years),172,164,160,161.5,112,,
,R.M.K. Engineering College,,,Thiruvallur,601206,Counselling,2719,,CS,COMPUTER SCIENCE AND ENGINEERING,183,175,175.5,172.5,142,119,144.5
,R.M.K. Engineering College,,,Thiruvallur,601206,Counselling,2719,,EC,ELECTRONICS AND COMMUNICATION ENGINEERING,175.5,171.5,167,164,130.5,126.5,
,R.M.K. Engineering College,,,Thiruvallur,601206,Counselling,2719,,EE,ELECTRICAL AND ELECTRONICS ENGINEERING,170,163,152,159,118,90.5,
,R.M.K. Engineering College,,,Thiruvallur,601206,Counselling,2719,,EI,ELECTRONICS AND INSTRUMENTATION ENGINEERING,167,160.5,164.5,146.5,123.5,108,
,Rajalakshmi Institute of Technology,https://ritchennai.org/,"https://images.crunchbase.com/image/upload/c_pad,f_auto,q_auto:eco,dpr_1/vvpaxqgzachzbzjg33u9",Thiruvallur,600124,Counselling,1432,,AD,ARTIFICIAL INTELLIGENCE AND DATA SCIENCE,189,183,182,176.5,153,130.5,
,Rajalakshmi Institute of Technology,,,Thiruvallur,600124,Counselling,1432,,AM,COMPUTER SCIENCE AND ENGINEERING (ARTIFICIAL INTELLIGENCE AND MACHINE LEARNING),189.5,180,189,175.5,145,,
,Rajalakshmi Institute of Technology,,,Thiruvallur,600124,Counselling,1432,,CB,COMPUTER SCIENCE AND BUSSINESS SYSTEM,186,179,180.5,174,148.5,,
,Rajalakshmi Institute of Technology,,,Thiruvallur,600124,Counselling,1432,,CO,COMPUTER AND COMMUNICATION ENGINEERING,185,178.5,180,174.5,147.5,119.5,
,Rajalakshmi Institute of Technology,,,Thiruvallur,600124,Counselling,1432,,CS,COMPUTER SCIENCE AND ENGINEERING,190.5,181,186.5,177,150,---,119.5
,Rajalakshmi Institute of Technology,,,Thiruvallur,600124,Counselling,1432,,EC,ELECTRONICS AND COMMUNICATION ENGINEERING,187.5,184,185,175.5,152,,148
,Rajalakshmi Institute of Technology,,,Thiruvallur,600124,Counselling,1432,,ME,MECHANICAL ENGINEERING,174.845,163,144.5,147,133.5,,
,Sona College of Technology,https://www.sonatech.ac.in/,https://media.collegedekho.com/media/img/institute/logo/Sona_College_of_Technology.png,SALEM,636005,Counselling,2618,,AD,ARTIFICIAL INTELLIGENCE AND DATA SCIENCE,171.75,166.5,164.5,162,122,118.5,
,Sona College of Technology,,,SALEM,636005,Counselling,2618,,AM,COMPUTER SCIENCE AND ENGINEERING (ARTIFICIAL INTELLIGENCE AND MACHINE LEARNING),169.5,165,160.5,160,120,119.5,113.5
,Sona College of Technology,,,SALEM,636005,Counselling,2618,,BM,BIO MEDICAL ENGINEERING,158.5,142.5,148.5,141.5,106,,
,Sona College of Technology,,,SALEM,636005,Counselling,2618,,CD,COMPUTER SCIENCE AND DESIGN,166.5,162,152.5,157.5,115.5,125,128.5
,Sona College of Technology,,,SALEM,636005,Counselling,2618,,CE,CIVIL ENGINEERING,142,120.5,118.5,130.5,99,122,113
,Sona College of Technology,,,SALEM,636005,Counselling,2618,,CS,COMPUTER SCIENCE AND ENGINEERING,178,171.5,167.5,169,131,141,148.5
,Sona College of Technology,,,SALEM,636005,Counselling,2618,,EC,ELECTRONICS AND COMMUNICATION ENGINEERING,170.5,164,157.5,161,121.5,---,146
,Sona College of Technology,,,SALEM,636005,Counselling,2618,,EE,ELECTRICAL AND ELECTRONICS ENGINEERING,161,154.5,127,149,***,,
,Sona College of Technology,,,SALEM,636005,Counselling,2618,,FT,FASHION TECHNOLOGY,137,122.5,112.5,125,***,109.5,
,Sona College of Technology,,,SALEM,636005,Counselling,2618,,IT,INFORMATION TECHNOLOGY,171,165.5,158,164,131,129,
,Sona College of Technology,,,SALEM,636005,Counselling,2618,,ME,MECHANICAL ENGINEERING,147,127.5,127.5,130.7575758,***,---,132.5
,Sona College of Technology,,,SALEM,636005,Counselling,2618,,MZ,Mechatronics Engineering,153,144.5,141.5,134.5,***,,
,Sri Krishna College of Technology,https://skct.edu.in/,https://encrypted-tbn0.gstatic.com/images?q=tbn:ANd9GcQ8VX7vP7BE8JOidHY6XqzgHo668y4EHA6Vhg&s, Ranipet,641042,Counselling,1526,,CE,CIVIL ENGINEERING,,,,,,,
,Sri Krishna College of Technology,,, Ranipet,641042,Counselling,1526,,CS,COMPUTER SCIENCE AND ENGINEERING,***,,,,,,
,Sri Krishna College of Technology,,, Ranipet,641042,Counselling,1526,,EC,ELECTRONICS AND COMMUNICATION ENGINEERING,***,,,,,,
,Sri Krishna College of Technology,,, Ranipet,641042,Counselling,1526,,EE,ELECTRICAL AND ELECTRONICS ENGINEERING,,,,,,,
,Sri Krishna College of Technology,,, Ranipet,641042,Counselling,1526,,ME,MECHANICAL ENGINEERING,***,,,,,,
,Sri Krishna College of Technology,,,Coimbatore,641042,Counselling,2718,,AD,ARTIFICIAL INTELLIGENCE AND DATA SCIENCE,191,188,188,186,162,143.5,132
,Sri Krishna College of Technology,,,Coimbatore,641042,Counselling,2718,,CB,COMPUTER SCIENCE AND BUSSINESS SYSTEM,187,185.5,183.5,182.5,142.5,125,
,Sri Krishna College of Technology,,,Coimbatore,641042,Counselling,2718,,CD,COMPUTER SCIENCE AND DESIGN,185.5,183.5,181.5,180,140.5,131.5,
,Sri Krishna College of Technology,,,Coimbatore,641042,Counselling,2718,,CE,CIVIL ENGINEERING,163,153,159,145.5,129.5,126,143
,Sri Krishna College of Technology,,,Coimbatore,641042,Counselling,2718,,CJ,M.Tech. Computer Science and Engineering (Integrated 5 years),184.5,181.5,,176,149.5,136,
,Sri Krishna College of Technology,,,Coimbatore,641042,Counselling,2718,,CS,COMPUTER SCIENCE AND ENGINEERING,192.5,190,188.5,187,157,152.5,135.5
,Sri Krishna College of Technology,,,Coimbatore,641042,Counselling,2718,,EC,ELECTRONICS AND COMMUNICATION ENGINEERING,189.5,186.5,183.5,182.5,153,134.5,117
,Sri Krishna College of Technology,,,Coimbatore,641042,Counselling,2718,,EE,ELECTRICAL AND ELECTRONICS ENGINEERING,184.5,180.5,179,173,136,131,
,Sri Krishna College of Technology,,,Coimbatore,641042,Counselling,2718,,IT,INFORMATION TECHNOLOGY,189,187,182,184.205,144.5,133.5,141
,Sri Krishna College of Technology,,,Coimbatore,641042,Counselling,2718,,ME,MECHANICAL ENGINEERING,169,163.5,160.5,154.5,129,128,138
,Sri Krishna College of Technology,,,Coimbatore,641042,Counselling,2718,,MZ,Mechatronics Engineering,172,166.5,161,159,121.5,115,
,Sri Krishna College of Technology,,,Coimbatore,641042,Counselling,2718,,SC,Computer Science and Engineering (Cyber Security),187.5,186,183.5,181.5,146.5,137.5,121
,Sri Ramakrishna Engineering College,https://srec.ac.in/,https://upload.wikimedia.org/wikipedia/commons/a/a6/Logosrec.jpg,Coimbatore,641022,Counselling,2719,,AD,ARTIFICIAL INTELLIGENCE AND DATA SCIENCE,181,176,173,172,143,151,
,Sri Ramakrishna Engineering College,,,Coimbatore,641022,Counselling,2719,,AE,AERONAUTICAL ENGINEERING,163.5,150.5,,146.5,119.5,,
,Sri Ramakrishna Engineering College,,,Coimbatore,641022,Counselling,2719,,BM,BIO MEDICAL ENGINEERING,160.5,152.5,149,137,121.5,94,
,Sri Ramakrishna Engineering College,,,Coimbatore,641022,Counselling,2719,,CE,CIVIL ENGINEERING,138.5,129.5,***,118.5,***,108.5,
,Sri Ramakrishna Engineering College,,,Coimbatore,641022,Counselling,2719,,CJ,M.Tech. Computer Science and Engineering (Integrated 5 years),172,164,160,161.5,112,,
,Sri Ramakrishna Engineering College,,,Coimbatore,641022,Counselling,2719,,CS,COMPUTER SCIENCE AND ENGINEERING,183,175,175.5,172.5,142,119,144.5
,Sri Ramakrishna Engineering College,,,Coimbatore,641022,Counselling,2719,,EC,ELECTRONICS AND COMMUNICATION ENGINEERING,175.5,171.5,167,164,130.5,126.5,
,Sri Ramakrishna Engineering College,,,Coimbatore,641022,Counselling,2719,,EE,ELECTRICAL AND ELECTRONICS ENGINEERING,170,163,152,159,118,90.5,
,Sri Ramakrishna Engineering College,,,Coimbatore,641022,Counselling,2719,,EI,ELECTRONICS AND INSTRUMENTATION ENGINEERING,167,160.5,164.5,146.5,123.5,108,
,Sri Ramakrishna Engineering College,,,Coimbatore,641022,Counselling,2719,,IT,INFORMATION TECHNOLOGY,179.5,174,173.5,168.5,130.5,118,
,Sri Ramakrishna Engineering College,,,Coimbatore,641022,Counselling,2719,,ME,MECHANICAL ENGINEERING,157.5,146.5,149.5,134,99,---,
,Sri Ramakrishna Engineering College,,,Coimbatore,641022,Counselling,2719,,RM,ROBOTICS AND AUTOMATION,164,157.3333333,154,156.5,100.5,,
,Sri Ramakrishna Engineering College,,,Coimbatore,641022,Counselling,3454,,AD,ARTIFICIAL INTELLIGENCE AND DATA SCIENCE,134,***,,103.5,,,
,Sri Ramakrishna Engineering College,,,Coimbatore,641022,Counselling,3454,,AG,AGRICULTURAL ENGINEERING,***,,,,,,
,Sri Ramakrishna Engineering College,,,Coimbatore,641022,Counselling,3454,,BM,BIO MEDICAL ENGINEERING,123.5,***,99,***,***,112.5,
,Sri Ramakrishna Engineering College,,,Coimbatore,641022,Counselling,3454,,CE,CIVIL ENGINEERING,***,,,,,,
,Sri Ramakrishna Engineering College,,,Coimbatore,641022,Counselling,3454,,CS,COMPUTER SCIENCE AND ENGINEERING,131.5,***,110,***,***,,
,Sri Ramakrishna Engineering College,,,Coimbatore,641022,Counselling,3454,,ME,MECHANICAL ENGINEERING,96.5,,,,,,
,Sri Ramakrishna Engineering College,,,Coimbatore,641022,Counselling,3454,,SC,Computer Science and Engineering (Cyber Security),130.5,***,,,***,,
,Sri Venkateswara College of Engineering,https://www.svce.ac.in/,https://encrypted-tbn0.gstatic.com/images?q=tbn:ANd9GcQatXuI9z0QeIr7v3Z_VbXU3zGS-FethCtH2Q&s,Sriperumbudur,602117,Counselling,1116,,AD,ARTIFICIAL INTELLIGENCE AND DATA SCIENCE,136,117.5,107,98.5,***,,
,Sri Venkateswara College of Engineering,,,Sriperumbudur,602117,Counselling,1116,,AM,COMPUTER SCIENCE AND ENGINEERING (ARTIFICIAL INTELLIGENCE AND MACHINE LEARNING),132,105.5,121,103.5,,,
,Sri Venkateswara College of Engineering,,,Sriperumbudur,602117,Counselling,1116,,CE,CIVIL ENGINEERING,***,,,,,,
,Sri Venkateswara College of Engineering,,,Sriperumbudur,602117,Counselling,1116,,CS,COMPUTER SCIENCE AND ENGINEERING,164.5,153,150,143,114.5,,
,Sri Venkateswara College of Engineering,,,Sriperumbudur,602117,Counselling,1116,,EC,ELECTRONICS AND COMMUNICATION ENGINEERING,134,***,***,***,,,
,Sri Venkateswara College of Engineering,,,Sriperumbudur,602117,Counselling,1116,,EE,ELECTRICAL AND ELECTRONICS ENGINEERING,91,,,,,,
,Sri Venkateswara College of Engineering,,,Sriperumbudur,602117,Counselling,1116,,IT,INFORMATION TECHNOLOGY,151.5,143,,134.5,***,,
,Sri Venkateswara College of Engineering,,,Sriperumbudur,602117,Counselling,1116,,ME,MECHANICAL ENGINEERING,***,,,,,,
,Sri Venkateswara College of Engineering,,,Sriperumbudur,602117,Counselling,1116,,SC,Computer Science and Engineering (Cyber Security),135.5,103,110.5,98,113.5,,
,Sri Venkateswara College of Engineering(Autonomous),https://svcetedu.org/,https://encrypted-tbn0.gstatic.com/images?q=tbn:ANd9GcQWDfElC6fOvGWksTnWaTV4ZUHzoqIJpNB4bg&s,Sriperumbudur,602117,Counselling,1219,,AD,ARTIFICIAL INTELLIGENCE AND DATA SCIENCE,190,187,186,182,159.5,143,
,Sri Venkateswara College of Engineering(Autonomous),,,Sriperumbudur,602117,Counselling,1219,,AU,AUTOMOBILE ENGINEERING,157,149,140.5,145.5,126,,
,Sri Venkateswara College of Engineering(Autonomous),,,Sriperumbudur,602117,Counselling,1219,,BT,BIO TECHNOLOGY,179,165,169.5,158,146,,
,Sri Venkateswara College of Engineering(Autonomous),,,Sriperumbudur,602117,Counselling,1219,,CE,CIVIL ENGINEERING,167.5,156.5,160.5,146,139.5,,
,Sri Venkateswara College of Engineering(Autonomous),,,Sriperumbudur,602117,Counselling,1219,,CH,CHEMICAL ENGINEERING,169,156.5,148.5,148,139.5,,
,Sri Venkateswara College of Engineering(Autonomous),,,Sriperumbudur,602117,Counselling,1219,,CS,COMPUTER SCIENCE AND ENGINEERING,193.5,190.5,186.5,186,170.5,165,142.5
,Sri Venkateswara College of Engineering(Autonomous),,,Sriperumbudur,602117,Counselling,1219,,EC,ELECTRONICS AND COMMUNICATION ENGINEERING,189,185,179,178,159,119.5,
,Sri Venkateswara College of Engineering(Autonomous),,,Sriperumbudur,602117,Counselling,1219,,EE,ELECTRICAL AND ELECTRONICS ENGINEERING,181,177.5,169,168.5,125.5,111.5,
,Sri Venkateswara College of Engineering(Autonomous),,,Sriperumbudur,602117,Counselling,1219,,IT,INFORMATION TECHNOLOGY,190.5,188.5,185.5,183,156,143,
,Sri Venkateswara College of Engineering(Autonomous),,,Sriperumbudur,602117,Counselling,1219,,ME,MECHANICAL ENGINEERING,170.5,161,164,151.5,145.5,,
,Sri Venkateswara College of Engineering(Autonomous),,,Sriperumbudur,602117,Counselling,1219,,MR,MARINE ENGINEERING,***,,,,,,
,Dr. M. G. R. Educational and Research Institute,https://www.drmgrdu.ac.in/,https://images.shiksha.com/mediadata/images/1680760548php0Vwajy.jpeg,Chennai,600095,JEE/Enterance Exam,,,,,,,,,,,
,E.G.S. Pillay Engineering College,https://www.egspec.org/,https://encrypted-tbn0.gstatic.com/images?q=tbn:ANd9GcSx5OE3itf7VyVUUxB1qaJn4A461C7AhzIsYQ&s,Nagapattinam,611002,Counselling,3806,,AD,ARTIFICIAL INTELLIGENCE AND DATA SCIENCE,153,141,152.5,126.5,92.5,,
,E.G.S. Pillay Engineering College,,,Nagapattinam,611002,Counselling,3806,,BM,BIO MEDICAL ENGINEERING,130.5,***,125,109,107.5,,
,E.G.S. Pillay Engineering College,,,Nagapattinam,611002,Counselling,3806,,CB,COMPUTER SCIENCE AND BUSSINESS SYSTEM,129.5,109,126,122,91,,
,E.G.S. Pillay Engineering College,,,Nagapattinam,611002,Counselling,3806,,CE,CIVIL ENGINEERING,98,***,***,***,***,,
,E.G.S. Pillay Engineering College,,,Nagapattinam,611002,Counselling,3806,,CS,COMPUTER SCIENCE AND ENGINEERING,142,120.5,136.5,125.5,105,,
,E.G.S. Pillay Engineering College,,,Nagapattinam,611002,Counselling,3806,,EC,ELECTRONICS AND COMMUNICATION ENGINEERING,127,108.5,125,110,92.5,,
,E.G.S. Pillay Engineering College,,,Nagapattinam,611002,Counselling,3806,,EE,ELECTRICAL AND ELECTRONICS ENGINEERING,117.5,97.5,114.5,102.5,88.5,,
,E.G.S. Pillay Engineering College,,,Nagapattinam,611002,Counselling,3806,,IT,INFORMATION TECHNOLOGY,153,135,140.5,128.5,101.5,,
,E.G.S. Pillay Engineering College,,,Nagapattinam,611002,Counselling,3806,,ME,MECHANICAL ENGINEERING,104.5,***,87,***,***,,
,Government College of Technology,https://gct.ac.in/,https://encrypted-tbn0.gstatic.com/images?q=tbn:ANd9GcSJ3sYxgv9vGJtvdEAuLMVOkGn3GKj2ZVZ2RA&s,Coimbatore,641013,Counselling,2005,,CE,CIVIL ENGINEERING,178.545,171,164,164,158,142,133
,Government College of Technology,,,Coimbatore,641013,Counselling,2005,,CS,COMPUTER SCIENCE AND ENGINEERING,196.5,195.5,194,195,184,186,168.5
,Government College of Technology,,,Coimbatore,641013,Counselling,2005,,EC,ELECTRONICS AND COMMUNICATION ENGINEERING,195.5,194,191.5,192.5,179.5,174,
,Government College of Technology,,,Coimbatore,641013,Counselling,2005,,EE,ELECTRICAL AND ELECTRONICS ENGINEERING,192.5,190.5,187.705,187,176.5,184.5,154.5
,Government College of Technology,,,Coimbatore,641013,Counselling,2005,,EI,ELECTRONICS AND INSTRUMENTATION ENGINEERING,189.4545455,187,188,186,170,163.5,149.5
,Government College of Technology,,,Coimbatore,641013,Counselling,2005,,IB,INDUSTRIAL BIO TECHNOLOGY,179,170,169.5,163.5,145.5,136.5,
,Government College of Technology,,,Coimbatore,641013,Counselling,2005,,IT,INFORMATION TECHNOLOGY,195.5,194,192,193,183,176.5,
,Government College of Technology,,,Coimbatore,641013,Counselling,2005,,ME,MECHANICAL ENGINEERING,182,173.5,177,173,155.5,151,141.47
,Government College of Technology,,,Coimbatore,641013,Counselling,2005,,PR,PRODUCTION ENGINEERING,177.5,173.5,168,164.5,157,152,136.5
,Government College of Technology,https://gct.ac.in/,https://encrypted-tbn0.gstatic.com/images?q=tbn:ANd9GcSJ3sYxgv9vGJtvdEAuLMVOkGn3GKj2ZVZ2RA&s,Dharmapuri,641013,Counselling,2369,,CE,CIVIL ENGINEERING,140.5,109,123.5,129.5,101.5,135,
,Government College of Technology,,,Dharmapuri,641013,Counselling,2369,,CS,COMPUTER SCIENCE AND ENGINEERING,174.5,166,163,171.5,150,128,166.87
,Government College of Technology,,,Dharmapuri,641013,Counselling,2369,,EC,ELECTRONICS AND COMMUNICATION ENGINEERING,169,162.5,153,163.5,136,140,
,Government College of Technology,,,Dharmapuri,641013,Counselling,2369,,EE,ELECTRICAL AND ELECTRONICS ENGINEERING,159.5,142.5,143.5,150,125.5,106,
,Government College of Technology,,,Dharmapuri,641013,Counselling,2369,,ME,MECHANICAL ENGINEERING,143,124,126.5,129.5,115.5,---,
,Government College of Technology,https://gct.ac.in/,https://encrypted-tbn0.gstatic.com/images?q=tbn:ANd9GcSJ3sYxgv9vGJtvdEAuLMVOkGn3GKj2ZVZ2RA&s,Krishnagiri ,641013,Counselling,2603,,CS,COMPUTER SCIENCE AND ENGINEERING,184,177,178,181.5,161.5,169.5,144
,Government College of Technology,,,Krishnagiri ,641013,Counselling,2603,,EC,ELECTRONICS AND COMMUNICATION ENGINEERING,178,169.5,173.5,174.5,150,150.5,
,Government College of Technology,,,Krishnagiri ,641013,Counselling,2603,,EE,ELECTRICAL AND ELECTRONICS ENGINEERING,169.5,163.5,163,158.5,142,115.5,
,Government College of Technology,,,Krishnagiri ,641013,Counselling,2603,,ME,MECHANICAL ENGINEERING,155,141.5,148.5,141,132,127.5,86
,Government College of Technology,,,Dharmapuri,641013,Counselling,2615,,CE,CIVIL ENGINEERING,166.5,153,155,155.5,145.5,139.5,156
,Government College of Technology,,,Dharmapuri,641013,Counselling,2615,,CS,COMPUTER SCIENCE AND ENGINEERING,193,190,191,191,175,173.5,
,Hindusthan College of Engineering and Technology,https://hicet.ac.in/,https://encrypted-tbn0.gstatic.com/images?q=tbn:ANd9GcSbZExuiggMkTBKM-sXK44dK5-bZLn4FHbCXg&s,Coimbatore,641032,Counselling,2708,,AE,AERONAUTICAL ENGINEERING,152,130.5,139.5,126.5,118,,
,Hindusthan College of Engineering and Technology,,,Coimbatore,641032,Counselling,2708,,AG,AGRICULTURAL ENGINEERING,131,106.5,,96,***,,
,Hindusthan College of Engineering and Technology,,,Coimbatore,641032,Counselling,2708,,AL,Artificial Intelligence and Machine Learning,165.5,155.5,156.5,156,117.5,115,
,Hindusthan College of Engineering and Technology,,,Coimbatore,641032,Counselling,2708,,AU,AUTOMOBILE ENGINEERING,123.5,92,119,103,***,,
,Hindusthan College of Engineering and Technology,,,Coimbatore,641032,Counselling,2708,,BM,BIO MEDICAL ENGINEERING,149,132.5,,129,***,117.5,
,Hindusthan College of Engineering and Technology,,,Coimbatore,641032,Counselling,2708,,CE,CIVIL ENGINEERING,129.5,102,***,94.5,***,,
,Hindusthan College of Engineering and Technology,,,Coimbatore,641032,Counselling,2708,,CH,CHEMICAL ENGINEERING,155.5,131.5,149.5,132.5,***,141.5,118
,Hindusthan College of Engineering and Technology,,,Coimbatore,641032,Counselling,2708,,CS,COMPUTER SCIENCE AND ENGINEERING,167,156.5,157,152,123.5,111,
,Hindusthan College of Engineering and Technology,,,Coimbatore,641032,Counselling,2708,,EC,ELECTRONICS AND COMMUNICATION ENGINEERING,161.5,151.5,146.5,145.5,107,---,
,Hindusthan College of Engineering and Technology,,,Coimbatore,641032,Counselling,2708,,EE,ELECTRICAL AND ELECTRONICS ENGINEERING,152,142,138.5,132,115,,
,Hindusthan College of Engineering and Technology,,,Coimbatore,641032,Counselling,2708,,EI,ELECTRONICS AND INSTRUMENTATION ENGINEERING,152,137.5,142,127,116.5,,
,Hindusthan College of Engineering and Technology,,,Coimbatore,641032,Counselling,2708,,FD,FOOD TECHNOLOGY,142.5,118,***,104.5,***,134,
,Hindusthan College of Engineering and Technology,,,Coimbatore,641032,Counselling,2708,,IT,INFORMATION TECHNOLOGY,163.5,154.5,156,150.5,120.5,---,149.5
,Hindusthan College of Engineering and Technology,,,Coimbatore,641032,Counselling,2708,,ME,MECHANICAL ENGINEERING,137,113.5,106.5,116.5,***,,
,Hindusthan College of Engineering and Technology,,,Coimbatore,641032,Counselling,2708,,MZ,Mechatronics Engineering,144,127.5,130.5,120.5,***,,
,K. Ramakrishnan College of Engineering,https://krce.ac.in/,https://encrypted-tbn0.gstatic.com/images?q=tbn:ANd9GcSpt1IFHtMHV3RXim_O0E99ls7c3l_vupj4Hw&s,Samayapuram,621112,Counselling,3701,,AD,ARTIFICIAL INTELLIGENCE AND DATA SCIENCE,156,148,153.5,138.5,120,---,
,K. Ramakrishnan College of Engineering,,,Samayapuram,621112,Counselling,3701,,AM,COMPUTER SCIENCE AND ENGINEERING (ARTIFICIAL INTELLIGENCE AND MACHINE LEARNING),154,147,148.5,135.5,115.5,,
,K. Ramakrishnan College of Engineering,,,Samayapuram,621112,Counselling,3701,,CE,CIVIL ENGINEERING,122.5,***,119.5,***,***,,
,K. Ramakrishnan College of Engineering,,,Samayapuram,621112,Counselling,3701,,CS,COMPUTER SCIENCE AND ENGINEERING,160.5,150.5,149,142.5,119.5,,
,K. Ramakrishnan College of Engineering,,,Samayapuram,621112,Counselling,3701,,EC,ELECTRONICS AND COMMUNICATION ENGINEERING,149,142,142.5,129.5,92,,
,K. Ramakrishnan College of Engineering,,,Samayapuram,621112,Counselling,3701,,EE,ELECTRICAL AND ELECTRONICS ENGINEERING,139.5,135.5,129.5,117,***,,
,K. Ramakrishnan College of Engineering,,,Samayapuram,621112,Counselling,3701,,IT,INFORMATION TECHNOLOGY,155.5,145.5,148.5,138,111.5,,
,K. Ramakrishnan College of Engineering,,,Samayapuram,621112,Counselling,3701,,ME,MECHANICAL ENGINEERING,128,119,127.5,***,***,,
,K. Ramakrishnan College of Engineering,,,Samayapuram,621112,Counselling,3830,,AD,ARTIFICIAL INTELLIGENCE AND DATA SCIENCE,170.5,160.5,164,142,133.5,152.5,
,K. Ramakrishnan College of Engineering,,,Samayapuram,621112,Counselling,3830,,AM,COMPUTER SCIENCE AND ENGINEERING (ARTIFICIAL INTELLIGENCE AND MACHINE LEARNING),159,153.5,157.5,140,117,,
,K. Ramakrishnan College of Engineering,,,Samayapuram,621112,Counselling,3830,,CB,COMPUTER SCIENCE AND BUSSINESS SYSTEM,156,145.5,148.5,139.5,116.5,,
,K. Ramakrishnan College of Engineering,,,Samayapuram,621112,Counselling,3830,,CS,COMPUTER SCIENCE AND ENGINEERING,175,165,164,158,144.5,,163.5
,K. Ramakrishnan College of Engineering,,,Samayapuram,621112,Counselling,3830,,EC,ELECTRONICS AND COMMUNICATION ENGINEERING,165,152.5,149,143,111.5,,109.5
,K. Ramakrishnan College of Engineering,,,Samayapuram,621112,Counselling,3830,,EE,ELECTRICAL AND ELECTRONICS ENGINEERING,143.5,139,138.5,127.5,***,,
,K. Ramakrishnan College of Engineering,,,Samayapuram,621112,Counselling,3830,,IT,INFORMATION TECHNOLOGY,162,152,160,143,122.5,,
,K. Ramakrishnan College of Engineering,,,Samayapuram,621112,Counselling,3830,,ME,MECHANICAL ENGINEERING,137.5,125,137,91.5,***,114,
,K.S. Rangasamy College of Technology,https://www.ksrct.ac.in/,https://encrypted-tbn0.gstatic.com/images?q=tbn:ANd9GcQgPdA5-qacVWOvmZZO7FFdva5S28UTfXltBA&s,Tiruchengode,637215,Counselling,2607,,AD,ARTIFICIAL INTELLIGENCE AND DATA SCIENCE,163,149,145.5,143,***,,
,K.S. Rangasamy College of Technology,,,Tiruchengode,637215,Counselling,2607,,AM,COMPUTER SCIENCE AND ENGINEERING (ARTIFICIAL INTELLIGENCE AND MACHINE LEARNING),156.5,142,136.5,135,***,,
,K.S. Rangasamy College of Technology,,,Tiruchengode,637215,Counselling,2607,,BT,BIO TECHNOLOGY,156.5,137,150,131,***,105.5,
,K.S. Rangasamy College of Technology,,,Tiruchengode,637215,Counselling,2607,,CB,COMPUTER SCIENCE AND BUSSINESS SYSTEM,147,141,112,131.5,***,,
,K.S. Rangasamy College of Technology,,,Tiruchengode,637215,Counselling,2607,,CE,CIVIL ENGINEERING,136.5,***,,125.5,97.5,,
,K.S. Rangasamy College of Technology,,,Tiruchengode,637215,Counselling,2607,,CS,COMPUTER SCIENCE AND ENGINEERING,162,147,144.5,137,***,---,
,K.S. Rangasamy College of Technology,,,Tiruchengode,637215,Counselling,2607,,EC,ELECTRONICS AND COMMUNICATION ENGINEERING,151.5,141,126,137,***,---,
,K.S. Rangasamy College of Technology,,,Tiruchengode,637215,Counselling,2607,,EE,ELECTRICAL AND ELECTRONICS ENGINEERING,146,135.5,,135.5,,---,
,K.S. Rangasamy College of Technology,,,Tiruchengode,637215,Counselling,2607,,EV,Electronics Engineering (VLSI design and Technology),140.5,133,,123,,,
,K.S. Rangasamy College of Technology,,,Tiruchengode,637215,Counselling,2607,,FD,FOOD TECHNOLOGY,136,111.5,***,113,105.5,126.5,
,K.S. Rangasamy College of Technology,,,Tiruchengode,637215,Counselling,2607,,IT,INFORMATION TECHNOLOGY,155,143,134.5,142.5,***,134,
,K.S. Rangasamy College of Technology,,,Tiruchengode,637215,Counselling,2607,,ME,MECHANICAL ENGINEERING,140,105.5,109.5,115.5,***,---,
,K.S. Rangasamy College of Technology,,,Tiruchengode,637215,Counselling,2607,,MZ,Mechatronics Engineering,128.5,103,122,103,,,
,K.S. Rangasamy College of Technology,,,Tiruchengode,637215,Counselling,2607,,TX,TEXTILE TECHNOLOGY,120,***,83,110,,,
,Kalaignar Karunanidhi Institute of Technology,https://kitcbe.com/,https://encrypted-tbn0.gstatic.com/images?q=tbn:ANd9GcTaHNWeh48pxvoXcisxZcqv2kw28TjftQLmNA&s,COIMBATORE,641402,Counselling,2750,,AD,ARTIFICIAL INTELLIGENCE AND DATA SCIENCE,165.5,159.5,149.5,157,139,153,124
,Kalaignar Karunanidhi Institute of Technology,,,COIMBATORE,641402,Counselling,2750,,AE,AERONAUTICAL ENGINEERING,145,124,,113,112,111.5,121.5
,Kalaignar Karunanidhi Institute of Technology,,,COIMBATORE,641402,Counselling,2750,,AG,AGRICULTURAL ENGINEERING,143,125,101.5,108,126.5,132,
,Kalaignar Karunanidhi Institute of Technology,,,COIMBATORE,641402,Counselling,2750,,AM,COMPUTER SCIENCE AND ENGINEERING (ARTIFICIAL INTELLIGENCE AND MACHINE LEARNING),156,150.5,147.5,143.5,124,162.5,
,Kalaignar Karunanidhi Institute of Technology,,,COIMBATORE,641402,Counselling,2750,,BM,BIO MEDICAL ENGINEERING,141.5,130.5,139.5,128.5,119.5,138.5,140.5
,Kalaignar Karunanidhi Institute of Technology,,,COIMBATORE,641402,Counselling,2750,,BT,BIO TECHNOLOGY,145.5,129,111,127.5,116,123.5,
,Kalaignar Karunanidhi Institute of Technology,,,COIMBATORE,641402,Counselling,2750,,CB,COMPUTER SCIENCE AND BUSSINESS SYSTEM,153.5,145,147,144.5,115,131.5,
,Kalaignar Karunanidhi Institute of Technology,,,COIMBATORE,641402,Counselling,2750,,CS,COMPUTER SCIENCE AND ENGINEERING,163,154,136.5,151,134,146,
,Kalaignar Karunanidhi Institute of Technology,,,COIMBATORE,641402,Counselling,2750,,EC,ELECTRONICS AND COMMUNICATION ENGINEERING,157,149.5,140,143.5,110.5,114,109.5
,Kalaignar Karunanidhi Institute of Technology,,,COIMBATORE,641402,Counselling,2750,,EE,ELECTRICAL AND ELECTRONICS ENGINEERING,146,142,115.5,130.5,104,,108.5
,Kalaignar Karunanidhi Institute of Technology,,,COIMBATORE,641402,Counselling,2750,,ME,MECHANICAL ENGINEERING,133.5,124,113,117.5,106.5,111,
,Karpagam College of Engineering,https://kce.ac.in/,https://encrypted-tbn0.gstatic.com/images?q=tbn:ANd9GcQzfvjZuE8-syWacrmpFILs4-xVGQkwmaS8nw&s,Coimbatore,641032,Counselling,2710,,AD,ARTIFICIAL INTELLIGENCE AND DATA SCIENCE,186.5,183,174,176.5,151,154.5,
,Karpagam College of Engineering,,,Coimbatore,641032,Counselling,2710,,CD,COMPUTER SCIENCE AND DESIGN,175,171,157.5,164,126.5,131,
,Karpagam College of Engineering,,,Coimbatore,641032,Counselling,2710,,CE,CIVIL ENGINEERING,144,132.5,122,132,***,116,
,Karpagam College of Engineering,,,Coimbatore,641032,Counselling,2710,,CS,COMPUTER SCIENCE AND ENGINEERING,187,184,176,176.5,141.5,144.5,134
,Karpagam College of Engineering,,,Coimbatore,641032,Counselling,2710,,EC,ELECTRONICS AND COMMUNICATION ENGINEERING,182.5,174.095,156.5,167.5,126.5,141.5,159
,Karpagam College of Engineering,,,Coimbatore,641032,Counselling,2710,,EE,ELECTRICAL AND ELECTRONICS ENGINEERING,167.5,162.5,161.5,148.5,101,131.5,
,Karpagam College of Engineering,,,Coimbatore,641032,Counselling,2710,,ET,ELECTRONICS AND TELECOMMUNICATION ENGINEERING,170.5,163,154,157.5,132.5,149,
,Karpagam College of Engineering,,,Coimbatore,641032,Counselling,2710,,IT,INFORMATION TECHNOLOGY,183.5,177.5,174.5,176,142,123.5,
,Karpagam College of Engineering,,,Coimbatore,641032,Counselling,2710,,ME,MECHANICAL ENGINEERING,152,141,150,133.5,109.5,,
,Karpagam College of Engineering,,,Coimbatore,641032,Counselling,2710,,SC,Computer Science and Engineering (Cyber Security),181.5,172.5,163.5,171.5,145,158.5,123.5
,Karpagam College of Engineering,,,Coimbatore,641032,Counselling,2710,,TS,Computer Science and Technology,175.5,172.5,163.5,166,135,130.5,123
,KCG College of Technology,https://kcgcollege.ac.in/,"https://images.crunchbase.com/image/upload/c_pad,f_auto,q_auto:eco,dpr_1/hsyory4ev2nhm4ftjjhj",Chennai,600097,Counselling,2712,,AD,ARTIFICIAL INTELLIGENCE AND DATA SCIENCE,193.5,191,192,187.76,176.5,168.5,
,KCG College of Technology,,,Chennai,600097,Counselling,2712,,AE,AERONAUTICAL ENGINEERING,183.5,172,183.5,165.5,152.5,146.5,
,KCG College of Technology,,,Chennai,600097,Counselling,2712,,AU,AUTOMOBILE ENGINEERING,166.5,162.5,155.5,153.5,135.5,121.5,
,KCG College of Technology,,,Chennai,600097,Counselling,2712,,BT,BIO TECHNOLOGY,183,177,179.5,172.9,151.5,106,
,KCG College of Technology,,,Chennai,600097,Counselling,2712,,CE,CIVIL ENGINEERING,169,162,161,156.5,133.5,125.5,116
,KCG College of Technology,,,Chennai,600097,Counselling,2712,,CS,COMPUTER SCIENCE AND ENGINEERING,195,192.5,191,190.5,173.5,162.5,168
,KCG College of Technology,,,Chennai,600097,Counselling,2712,,EC,ELECTRONICS AND COMMUNICATION ENGINEERING,192,190,186,187.5,161,139.5,170.5
,KCG College of Technology,,,Chennai,600097,Counselling,2712,,EE,ELECTRICAL AND ELECTRONICS ENGINEERING,188.5,186,185.5,180.5,159,141.5,129
,KCG College of Technology,,,Chennai,600097,Counselling,2712,,EI,ELECTRONICS AND INSTRUMENTATION ENGINEERING,187.5,182.5,175.5,172,141,,119
,KCG College of Technology,,,Chennai,600097,Counselling,2712,,FT,FASHION TECHNOLOGY,163.5,150,148,147,107,,
,KCG College of Technology,,,Chennai,600097,Counselling,2712,,IT,INFORMATION TECHNOLOGY,193.5,191.5,186.81,188.5,166.5,146.5,165
,KCG College of Technology,,,Chennai,600097,Counselling,2712,,ME,MECHANICAL ENGINEERING,175,170.5,156.5,163,141,147.5,123.5
,KCG College of Technology,,,Chennai,600097,Counselling,2712,,MZ,Mechatronics Engineering,180.5,174,180.5,169.5,141.5,104.5,
,KCG College of Technology,,,Chennai,600097,Counselling,2712,,TX,TEXTILE TECHNOLOGY,160.5,148,141.5,136.5,***,,
,M.Kumarasamy College of Engineering,https://www.mkce.ac.in/,https://encrypted-tbn0.gstatic.com/images?q=tbn:ANd9GcQ7qtU2jnpVepYAKLDzOwk5NWSS42ts2a8ssQ&s,Karur,639113,Counselling,2608,,AD,ARTIFICIAL INTELLIGENCE AND DATA SCIENCE,164,153.5,134,145,***,---,
,M.Kumarasamy College of Engineering,,,Karur,639113,Counselling,2608,,AM,COMPUTER SCIENCE AND ENGINEERING (ARTIFICIAL INTELLIGENCE AND MACHINE LEARNING),158.5,149,134.5,144.5,***,,
,M.Kumarasamy College of Engineering,,,Karur,639113,Counselling,2608,,CB,COMPUTER SCIENCE AND BUSSINESS SYSTEM,155.5,147,129.5,143.5,***,,
,M.Kumarasamy College of Engineering,,,Karur,639113,Counselling,2608,,CE,CIVIL ENGINEERING,130.5,***,,***,,,
,M.Kumarasamy College of Engineering,,,Karur,639113,Counselling,2608,,CS,COMPUTER SCIENCE AND ENGINEERING,174.5,168.5,145,153,111.5,132,
,M.Kumarasamy College of Engineering,,,Karur,639113,Counselling,2608,,EC,ELECTRONICS AND COMMUNICATION ENGINEERING,160,148,131,141.5,***,109.5,
,M.Kumarasamy College of Engineering,,,Karur,639113,Counselling,2608,,EE,ELECTRICAL AND ELECTRONICS ENGINEERING,146.5,137.5,***,128,***,108,
,M.Kumarasamy College of Engineering,,,Karur,639113,Counselling,2608,,IT,INFORMATION TECHNOLOGY,165,155.5,141.5,147.5,***,115.5,
,M.Kumarasamy College of Engineering,,,Karur,639113,Counselling,2608,,ME,MECHANICAL ENGINEERING,127,97.5,114.5,105,,,
,Panimalar Engineering College,https://panimalar.ac.in/,https://encrypted-tbn0.gstatic.com/images?q=tbn:ANd9GcR18z9bHKdi5BytAJamCYZ3iVBu5TM5jqo7Jw&s,Thiruvallur,600123,Counselling,1210,,AD,ARTIFICIAL INTELLIGENCE AND DATA SCIENCE,169,159.5,152.5,155.5,125,---,---
,Panimalar Engineering College,,,Thiruvallur,600123,Counselling,1210,,AL,Artificial Intelligence and Machine Learning,163.5,155,149.5,153.5,126,---,
,Panimalar Engineering College,,,Thiruvallur,600123,Counselling,1210,,CB,COMPUTER SCIENCE AND BUSSINESS SYSTEM,161.5,154,145.5,152,118,,116
,Panimalar Engineering College,,,Thiruvallur,600123,Counselling,1210,,CS,COMPUTER SCIENCE AND ENGINEERING,173,163,158.5,158,133.5,---,118
,Panimalar Engineering College,,,Thiruvallur,600123,Counselling,1210,,EC,ELECTRONICS AND COMMUNICATION ENGINEERING,165.5,155.5,150,153.5,121.5,---,107
,Panimalar Engineering College,,,Thiruvallur,600123,Counselling,1210,,EE,ELECTRICAL AND ELECTRONICS ENGINEERING,154.5,144.5,142,141,106.5,---,
,Panimalar Engineering College,,,Thiruvallur,600123,Counselling,1210,,IT,INFORMATION TECHNOLOGY,166.5,160,154,154.5,127,---,126.5
,Panimalar Engineering College,,,Thiruvallur,600123,Counselling,1210,,ME,MECHANICAL ENGINEERING,141.5,132,126.5,121.5,100,,
,Prince Shri Venkateshwara Padmavathy Engineering College,https://www.psvpec.in/,https://encrypted-tbn0.gstatic.com/images?q=tbn:ANd9GcRA1ZFTD0k4Ej80pvGZ21dPv0iGeSPby8525A&s,Kancheepuram,600127,Counselling,1414,,CE,CIVIL ENGINEERING,139.5,***,,135,***,,
,Prince Shri Venkateshwara Padmavathy Engineering College,,,Kancheepuram,600127,Counselling,1414,,CS,COMPUTER SCIENCE AND ENGINEERING,193.5,186.45,182.5,186.33,176.8,80.5,
,Prince Shri Venkateshwara Padmavathy Engineering College,,,Kancheepuram,600127,Counselling,1414,,EC,ELECTRONICS AND COMMUNICATION ENGINEERING,149.5,129,128,124.5,***,,
,Prince Shri Venkateshwara Padmavathy Engineering College,,,Kancheepuram,600127,Counselling,1414,,EE,ELECTRICAL AND ELECTRONICS ENGINEERING,145.5,118.5,,110,,,
,Prince Shri Venkateshwara Padmavathy Engineering College,,,Kancheepuram,600127,Counselling,1414,,IT,INFORMATION TECHNOLOGY,184,179.5,178.6,174.56,169.095,,99
,Prince Shri Venkateshwara Padmavathy Engineering College,,,Kancheepuram,600127,Counselling,1414,,ME,MECHANICAL ENGINEERING,142.5,***,,***,***,101.5,
,"PSNA College of Engineering and Technology, Dindigul",https://www.psnacet.edu.in/,https://encrypted-tbn0.gstatic.com/images?q=tbn:ANd9GcSwqx4u1x4rWoMbRpO51KZ__P_AvN4k8hRuDg&s,Dindigul,624622,Counselling,5910,,AD,ARTIFICIAL INTELLIGENCE AND DATA SCIENCE,181.5,170,175,159.5,141,---,
,"PSNA College of Engineering and Technology, Dindigul",,,Dindigul,624622,Counselling,5910,,BM,BIO MEDICAL ENGINEERING,160.5,144,149,121,***,,
,"PSNA College of Engineering and Technology, Dindigul",,,Dindigul,624622,Counselling,5910,,CB,COMPUTER SCIENCE AND BUSSINESS SYSTEM,167.5,165,157.5,146.5,***,109.5,
,"PSNA College of Engineering and Technology, Dindigul",,,Dindigul,624622,Counselling,5910,,CE,CIVIL ENGINEERING,144.5,119.5,116.5,114,106,,
,"PSNA College of Engineering and Technology, Dindigul",,,Dindigul,624622,Counselling,5910,,CS,COMPUTER SCIENCE AND ENGINEERING,178.5,171,167,155.5,119.5,---,
,"PSNA College of Engineering and Technology, Dindigul",,,Dindigul,624622,Counselling,5910,,EC,ELECTRONICS AND COMMUNICATION ENGINEERING,168.5,163,155.5,152.5,***,---,
,"PSNA College of Engineering and Technology, Dindigul",,,Dindigul,624622,Counselling,5910,,EE,ELECTRICAL AND ELECTRONICS ENGINEERING,160.5,151.5,152,143.5,***,,
,"PSNA College of Engineering and Technology, Dindigul",,,Dindigul,624622,Counselling,5910,,IT,INFORMATION TECHNOLOGY,170.6666667,167,165,154,117,---,
,"PSNA College of Engineering and Technology, Dindigul",,,Dindigul,624622,Counselling,5910,,ME,MECHANICAL ENGINEERING,146,131,143,113,***,---,
,"PSNA College of Engineering and Technology, Dindigul",,,Dindigul,624622,Counselling,5910,,SC,Computer Science and Engineering (Cyber Security),166,163.5,163,148,107,,
,R. M. K. College of Engineering and Technology,https://www.rmkcet.ac.in/,https://encrypted-tbn0.gstatic.com/images?q=tbn:ANd9GcS4BkrtUgGkpmp2RrJ_HRAFNplk0tXLn3mUbw&s,Thiruvallur,601206,Counselling,1128,,AD,ARTIFICIAL INTELLIGENCE AND DATA SCIENCE,174,167.5,164,159.5,150.5,,
,R. M. K. College of Engineering and Technology,,,Thiruvallur,601206,Counselling,1128,,CS,COMPUTER SCIENCE AND ENGINEERING,173,166.5,157.5,161,131,,109.5
,R. M. K. College of Engineering and Technology,,,Thiruvallur,601206,Counselling,1128,,EC,ELECTRONICS AND COMMUNICATION ENGINEERING,170,164,159,159.5,126,,
,R. M. K. College of Engineering and Technology,,,Thiruvallur,601206,Counselling,1128,,SC,Computer Science and Engineering (Cyber Security),169,164,157.5,160.5,135,,
,R.M.D Engineering College,https://rmd.ac.in/,https://encrypted-tbn0.gstatic.com/images?q=tbn:ANd9GcSZszSaI7sRp82IJiszE-yNp6nEkG95soM9cA&s,Thiruvallur,601206,Counselling,1112,,AL,Artificial Intelligence and Machine Learning,175.5,170.5,159,164.5,138.5,,
,R.M.D Engineering College,,,Thiruvallur,601206,Counselling,1112,,CB,COMPUTER SCIENCE AND BUSSINESS SYSTEM,174.5,169.5,163,166.5,124,,
,R.M.D Engineering College,,,Thiruvallur,601206,Counselling,1112,,CS,COMPUTER SCIENCE AND ENGINEERING,181.5,174.5,165,170.5,140,---,118.5
,R.M.D Engineering College,,,Thiruvallur,601206,Counselling,1112,,EC,ELECTRONICS AND COMMUNICATION ENGINEERING,174.5,171,168.5,162.5,124,,
,R.M.D Engineering College,,,Thiruvallur,601206,Counselling,1112,,IT,INFORMATION TECHNOLOGY,178.5,171.5,173,169,129.5,107.5,
,Rathinam Technical Campus,https://rathinamtechnicalcampus.com/,https://encrypted-tbn0.gstatic.com/images?q=tbn:ANd9GcR8S4Cz02GsGB9-bJQbcRNWBIZK9HgCeMOFPA&s,Coimbatore,641021,Counselling,2329,,AD,ARTIFICIAL INTELLIGENCE AND DATA SCIENCE,170,158.5,162.5,152,118.5,126,
,Rathinam Technical Campus,,,Coimbatore,641021,Counselling,2329,,AG,AGRICULTURAL ENGINEERING,140,131.5,113.5,119.5,***,,
,Rathinam Technical Campus,,,Coimbatore,641021,Counselling,2329,,AM,COMPUTER SCIENCE AND ENGINEERING (ARTIFICIAL INTELLIGENCE AND MACHINE LEARNING),161,155,,149,114,,
,Rathinam Technical Campus,,,Coimbatore,641021,Counselling,2329,,BM,BIO MEDICAL ENGINEERING,151,142,,141,145,93.5,
,Rathinam Technical Campus,,,Coimbatore,641021,Counselling,2329,,BT,BIO TECHNOLOGY,153.5,140.5,133,141.5,134,,
,Rathinam Technical Campus,,,Coimbatore,641021,Counselling,2329,,CS,COMPUTER SCIENCE AND ENGINEERING,167,159,155,153,143,134,
,Rathinam Technical Campus,,,Coimbatore,641021,Counselling,2329,,EC,ELECTRONICS AND COMMUNICATION ENGINEERING,159,153.5,158.5,145,119,155,
,Rathinam Technical Campus,,,Coimbatore,641021,Counselling,2329,,IT,INFORMATION TECHNOLOGY,164.5,162,154,147.5,127.5,143,
,Rathinam Technical Campus,,,Coimbatore,641021,Counselling,2329,,ME,MECHANICAL ENGINEERING,143,128.5,134,132.5,102,,
,Rathinam Technical Campus,,,Coimbatore,641021,Counselling,2329,,XS,COMPUTER SCIENCE AND ENGINEERING (TAMIL),147,135,131.5,131,102,119,
,Saveetha Engineering College,https://www.saveetha.ac.in/,https://encrypted-tbn0.gstatic.com/images?q=tbn:ANd9GcQgSE2SB2rtgQys1M9PWwRIDOso0cifByIL2g&s,Sriperumbudur,602105,Counselling,1216,,AD,ARTIFICIAL INTELLIGENCE AND DATA SCIENCE,175,168,164.5,164.5,142,---,101
,Saveetha Engineering College,,,Sriperumbudur,602105,Counselling,1216,,AG,AGRICULTURAL ENGINEERING,147.5,131,128.5,133.5,122,,
,Saveetha Engineering College,,,Sriperumbudur,602105,Counselling,1216,,AL,Artificial Intelligence and Machine Learning,169,162.5,163,158.5,135.5,---,
,Saveetha Engineering College,,,Sriperumbudur,602105,Counselling,1216,,BM,BIO MEDICAL ENGINEERING,166.5,150.5,,151.5,135.5,,
,Saveetha Engineering College,,,Sriperumbudur,602105,Counselling,1216,,CE,CIVIL ENGINEERING,146,130.5,145.5,131.5,113,,
,Saveetha Engineering College,,,Sriperumbudur,602105,Counselling,1216,,CH,CHEMICAL ENGINEERING,152.5,144.5,142,141,119.5,,
,Saveetha Engineering College,,,Sriperumbudur,602105,Counselling,1216,,CI,Computer Science and Engineering (Internet of Things),169,162.5,159,159.5,137,,
,Saveetha Engineering College,,,Sriperumbudur,602105,Counselling,1216,,CS,COMPUTER SCIENCE AND ENGINEERING,180.5,172.5,164,167,142,---,---
,Saveetha Engineering College,,,Sriperumbudur,602105,Counselling,1216,,EC,ELECTRONICS AND COMMUNICATION ENGINEERING,168.5,161.5,157.5,157,133.5,108,109
,Saveetha Engineering College,,,Sriperumbudur,602105,Counselling,1216,,EE,ELECTRICAL AND ELECTRONICS ENGINEERING,158,153,151,149.5,117.5,,
,Saveetha Engineering College,,,Sriperumbudur,602105,Counselling,1216,,EI,ELECTRONICS AND INSTRUMENTATION ENGINEERING,158.5,153.5,,151,118,,
,Saveetha Engineering College,,,Sriperumbudur,602105,Counselling,1216,,IT,INFORMATION TECHNOLOGY,175,167.5,159.5,163,137.5,125.5,
,Saveetha Engineering College,,,Sriperumbudur,602105,Counselling,1216,,MD,MEDICAL ELECTRONICS ENGINEERING,144,142.5,,134.5,100.5,,
,Saveetha Engineering College,,,Sriperumbudur,602105,Counselling,1216,,ME,MECHANICAL ENGINEERING,152.5,142,150,131,105,,
,Saveetha Engineering College,,,Sriperumbudur,602105,Counselling,1216,,SC,Computer Science and Engineering (Cyber Security),175.5,170.5,159,164,140,129,
,SNS College of Technology,https://snsct.org/,https://encrypted-tbn0.gstatic.com/images?q=tbn:ANd9GcQIGk7-WOSMYUN1SGW7ObFwjH0YHxEuk1_gow&s,Coimbatore,641035,Counselling,2726,,AG,AGRICULTURAL ENGINEERING,127.5,***,,***,***,,
,SNS College of Technology,,,Coimbatore,641035,Counselling,2726,,AL,Artificial Intelligence and Machine Learning,160,151,155,144.5,80.5,---,
,SNS College of Technology,,,Coimbatore,641035,Counselling,2726,,AO,AEROSPACE ENGINEERING,161.5,147,138.5,138.5,***,,
,SNS College of Technology,,,Coimbatore,641035,Counselling,2726,,AU,AUTOMOBILE ENGINEERING,138.5,118.5,,106.5,,,
,SNS College of Technology,,,Coimbatore,641035,Counselling,2726,,BM,BIO MEDICAL ENGINEERING,147.5,135,146.5,130.5,***,125,
,SNS College of Technology,,,Coimbatore,641035,Counselling,2726,,CE,CIVIL ENGINEERING,123.5,***,,***,***,,
,SNS College of Technology,,,Coimbatore,641035,Counselling,2726,,CS,COMPUTER SCIENCE AND ENGINEERING,165.5,156,155,151,108,120,
,SNS College of Technology,,,Coimbatore,641035,Counselling,2726,,EC,ELECTRONICS AND COMMUNICATION ENGINEERING,159.5,149,143,143.5,***,---,
,SNS College of Technology,,,Coimbatore,641035,Counselling,2726,,EE,ELECTRICAL AND ELECTRONICS ENGINEERING,148,143.5,,131.5,,,
,SNS College of Technology,,,Coimbatore,641035,Counselling,2726,,FD,FOOD TECHNOLOGY,136.5,112.5,,105,***,,
,SNS College of Technology,,,Coimbatore,641035,Counselling,2726,,IT,INFORMATION TECHNOLOGY,165,154,149.5,150,108,,
,SNS College of Technology,,,Coimbatore,641035,Counselling,2726,,ME,MECHANICAL ENGINEERING,131.5,116,***,107.5,***,,
,SNS College of Technology,,,Coimbatore,641035,Counselling,2726,,MZ,Mechatronics Engineering,150.5,133.5,136.5,131,,,
,SNS College of Technology,,,Coimbatore,641035,Counselling,2734,,AD,ARTIFICIAL INTELLIGENCE AND DATA SCIENCE,160,152,147,149,115,118.5,
,SNS College of Technology,,,Coimbatore,641035,Counselling,2734,,CD,COMPUTER SCIENCE AND DESIGN,154.5,146,130,142,112.5,131,
,SNS College of Technology,,,Coimbatore,641035,Counselling,2734,,CS,COMPUTER SCIENCE AND ENGINEERING,161.5,152.5,155.5,147.5,106,---,
,SNS College of Technology,,,Coimbatore,641035,Counselling,2734,,EC,ELECTRONICS AND COMMUNICATION ENGINEERING,156,148.5,154,143,***,,
,SNS College of Technology,,,Coimbatore,641035,Counselling,2734,,EE,ELECTRICAL AND ELECTRONICS ENGINEERING,143,142,133,132.5,96.5,,
,SNS College of Technology,,,Coimbatore,641035,Counselling,2734,,IT,INFORMATION TECHNOLOGY,160.5,150.5,155,146,101,,
,SNS College of Technology,,,Coimbatore,641035,Counselling,2734,,ME,MECHANICAL ENGINEERING,129.5,110.5,,104,,,
,Sri Eshwar College of Engineering,https://sece.ac.in/,https://pbs.twimg.com/profile_images/1169109470967820291/AJzI4C-S_400x400.jpg,Coimbatore,641202,Counselling,2739,,AD,ARTIFICIAL INTELLIGENCE AND DATA SCIENCE,182.5,177,176,174,138.5,140.5,
,Sri Eshwar College of Engineering,,,Coimbatore,641202,Counselling,2739,,AM,COMPUTER SCIENCE AND ENGINEERING (ARTIFICIAL INTELLIGENCE AND MACHINE LEARNING),179.5,176,177,169,140.5,117.5,
,Sri Eshwar College of Engineering,,,Coimbatore,641202,Counselling,2739,,CB,COMPUTER SCIENCE AND BUSSINESS SYSTEM,180,176,171,168.5,136,121.5,130.5
,Sri Eshwar College of Engineering,,,Coimbatore,641202,Counselling,2739,,CO,COMPUTER AND COMMUNICATION ENGINEERING,180,175.5,173.5,168,130.5,135.5,122
,Sri Eshwar College of Engineering,,,Coimbatore,641202,Counselling,2739,,CS,COMPUTER SCIENCE AND ENGINEERING,186,179.5,178.5,178,150.5,127.5,169
,Sri Eshwar College of Engineering,,,Coimbatore,641202,Counselling,2739,,EC,ELECTRONICS AND COMMUNICATION ENGINEERING,180.5,175,170.5,169.5,135,151,
,Sri Eshwar College of Engineering,,,Coimbatore,641202,Counselling,2739,,EE,ELECTRICAL AND ELECTRONICS ENGINEERING,175,174.5,174.5,163,127.5,143.5,140
,Sri Eshwar College of Engineering,,,Coimbatore,641202,Counselling,2739,,IT,INFORMATION TECHNOLOGY,182.5,177.5,181,175,150,137.5,
,Sri Eshwar College of Engineering,,,Coimbatore,641202,Counselling,2739,,ME,MECHANICAL ENGINEERING,169.5,162.5,165,155.5,114,111,
,Sri Sai Ram Institute of Technology,https://sairamgroup.in/,https://upload.wikimedia.org/wikipedia/en/6/6e/SRI_SAIRAM_INSTITUTE_OF_TECHNOLOGY.jpg,Chennai,600044,Counselling,1324,,AD,ARTIFICIAL INTELLIGENCE AND DATA SCIENCE,172.5,166.5,159.5,163,141.5,,
,Sri Sai Ram Institute of Technology,,,Chennai,600044,Counselling,1324,,CO,COMPUTER AND COMMUNICATION ENGINEERING,167,163,157.5,158.5,126,,
,Sri Sai Ram Institute of Technology,,,Chennai,600044,Counselling,1324,,CS,COMPUTER SCIENCE AND ENGINEERING,177,169,163.5,165,140.5,---,125
,Sri Sai Ram Institute of Technology,,,Chennai,600044,Counselling,1324,,EC,ELECTRONICS AND COMMUNICATION ENGINEERING,171.5,165,160,163,130,,
,Sri Sai Ram Institute of Technology,,,Chennai,600044,Counselling,1324,,EE,ELECTRICAL AND ELECTRONICS ENGINEERING,163,155.5,151,156.5,120,,
,Sri Sai Ram Institute of Technology,,,Chennai,600044,Counselling,1324,,IT,INFORMATION TECHNOLOGY,171.5,164.5,165.5,163.5,140.5,,128
,Sri Sai Ram Institute of Technology,,,Chennai,600044,Counselling,1324,,ME,MECHANICAL ENGINEERING,149.5,140.5,137,132.5,97,,
,Sri Sai Ram Institute of Technology,,,Chennai,600044,Counselling,1324,,SC,Computer Science and Engineering (Cyber Security),176,166,167.5,163,133.5,,
,St. Josephs College of Engineering,https://stjosephs.ac.in/index.html,https://encrypted-tbn0.gstatic.com/images?q=tbn:ANd9GcR7u5PERRliA9v1MoikyGjqmeEV8E5JnIOnLw&s,Kancheepuram,600119,Counselling,1317,,AD,ARTIFICIAL INTELLIGENCE AND DATA SCIENCE,180,171,165.5,171,140.5,---,120.5
,St. Josephs College of Engineering,,,Kancheepuram,600119,Counselling,1317,,AL,Artificial Intelligence and Machine Learning,175.5,170.5,172.5,163.5,131,,
,St. Josephs College of Engineering,,,Kancheepuram,600119,Counselling,1317,,BT,BIO TECHNOLOGY,160,155,158.5,142,149.5,,
,St. Josephs College of Engineering,,,Kancheepuram,600119,Counselling,1317,,CH,CHEMICAL ENGINEERING,150,130,114.5,127,***,,
,St. Josephs College of Engineering,,,Kancheepuram,600119,Counselling,1317,,CS,COMPUTER SCIENCE AND ENGINEERING,186.5,179,178,175,141.5,---,148.5
,St. Josephs College of Engineering,,,Kancheepuram,600119,Counselling,1317,,EC,ELECTRONICS AND COMMUNICATION ENGINEERING,178.5,172,167,162.5,129.5,107,120.5
,St. Josephs College of Engineering,,,Kancheepuram,600119,Counselling,1317,,EE,ELECTRICAL AND ELECTRONICS ENGINEERING,160,146,139.5,143.5,***,---,
,St. Josephs College of Engineering,,,Kancheepuram,600119,Counselling,1317,,IT,INFORMATION TECHNOLOGY,179.5,172.5,174,169.5,138.5,,142.5
,St. Josephs College of Engineering,,,Kancheepuram,600119,Counselling,1317,,ME,MECHANICAL ENGINEERING,134,113.5,***,107.5,***,,
,Rajalakshmi Engineering College,https://www.rajalakshmi.org/,https://upload.wikimedia.org/wikipedia/commons/thumb/f/f3/Rajalakshmi_Engineering_College_%28REC%29_Chennai_Logo.jpg/640px-Rajalakshmi_Engineering_College_%28REC%29_Chennai_Logo.jpg,Chennai,602105,Counselling,1211,,AD,ARTIFICIAL INTELLIGENCE AND DATA SCIENCE,189.5,185.5,184.5,182,169,154,147.5
,Rajalakshmi Engineering College,,,Chennai,602105,Counselling,1211,,AE,AERONAUTICAL ENGINEERING,178,168,173.5,159.5,140,103.5,
,Rajalakshmi Engineering College,,,Chennai,602105,Counselling,1211,,AL,Artificial Intelligence and Machine Learning,186,182.5,181,180,155,148.5,147.5
,Rajalakshmi Engineering College,,,Chennai,602105,Counselling,1211,,AU,AUTOMOBILE ENGINEERING,160.5,156,130.5,152.5,134.5,,
,Rajalakshmi Engineering College,,,Chennai,602105,Counselling,1211,,BM,BIO MEDICAL ENGINEERING,174.5,155.5,172.5,156,134.5,,
,Rajalakshmi Engineering College,,,Chennai,602105,Counselling,1211,,BT,BIO TECHNOLOGY,171.5,158,166.5,155,126,,99
,Rajalakshmi Engineering College,,,Chennai,602105,Counselling,1211,,CB,COMPUTER SCIENCE AND BUSSINESS SYSTEM,187,181,185,178,159.5,114,
,Rajalakshmi Engineering College,,,Chennai,602105,Counselling,1211,,CD,COMPUTER SCIENCE AND DESIGN,185,180,180.5,178,147,127.5,109.5
,Rajalakshmi Engineering College,,,Chennai,602105,Counselling,1211,,CE,CIVIL ENGINEERING,162,154.5,132.5,142,131,,
,Rajalakshmi Engineering College,,,Chennai,602105,Counselling,1211,,CH,CHEMICAL ENGINEERING,170,154,157,153.5,154,127.5,
,Rajalakshmi Engineering College,,,Chennai,602105,Counselling,1211,,CS,COMPUTER SCIENCE AND ENGINEERING,191.5,189,187.3333333,185.5,169.5,146.5,
,Rajalakshmi Engineering College,,,Chennai,602105,Counselling,1211,,EC,ELECTRONICS AND COMMUNICATION ENGINEERING,188.5,184,184.5,178.5,164,---,161.5
,Rajalakshmi Engineering College,,,Chennai,602105,Counselling,1211,,EE,ELECTRICAL AND ELECTRONICS ENGINEERING,181,177,178,168.5,151.5,---,
,Rajalakshmi Engineering College,,,Chennai,602105,Counselling,1211,,FD,FOOD TECHNOLOGY,173.5,167,159,150,139.5,,
,Rajalakshmi Engineering College,,,Chennai,602105,Counselling,1211,,IT,INFORMATION TECHNOLOGY,188.5,185,186,184.5,158.5,135,153.5
,Rajalakshmi Engineering College,,,Chennai,602105,Counselling,1211,,ME,MECHANICAL ENGINEERING,171.5,162,153.5,155.5,145,,
,Rajalakshmi Engineering College,,,Chennai,602105,Counselling,1211,,MZ,Mechatronics Engineering,176,172,170.5,166,127,115.5,
,Rajalakshmi Engineering College,,,Chennai,602105,Counselling,1211,,RM,ROBOTICS AND AUTOMATION,178,167,174.5,168.5,149.5,,108.5
,Rajalakshmi Engineering College,,,Chennai,602105,Counselling,1211,,SC,Computer Science and Engineering (Cyber Security),187,184.5,185.5,180.5,155,133,